

INSERT INTO LIGHT (ID, LEVEL, STATUS) VALUES (1, 10,'OFF');
INSERT INTO NOISE (ID, LEVEL, STATUS) VALUES (1, 10,'ON');
INSERT INTO ROOM (ID, NAME, LIGHT_ID, NOISE_ID) VALUES (1,'E401', 1, 1);

INSERT INTO LIGHT (ID, LEVEL, STATUS) VALUES (2, 20,'ON');
INSERT INTO NOISE (ID, LEVEL, STATUS) VALUES (2, 20,'OFF');
INSERT INTO ROOM (ID, NAME, LIGHT_ID, NOISE_ID) VALUES (2,'E402', 2, 2);

INSERT INTO LIGHT (ID, LEVEL, STATUS) VALUES (3, 30,'ON');
INSERT INTO NOISE (ID, LEVEL, STATUS) VALUES (3, 30,'ON');
INSERT INTO ROOM (ID, NAME, LIGHT_ID, NOISE_ID) VALUES (3,'E403', 3, 3);

INSERT INTO BUILDING (ID, NAME) VALUES (1, '158');

INSERT INTO BUILDING_ROOMS (BUILDING_ID, ROOMS_ID) VALUES (1, 1);
INSERT INTO BUILDING_ROOMS (BUILDING_ID, ROOMS_ID) VALUES (1, 2);
INSERT INTO BUILDING_ROOMS (BUILDING_ID, ROOMS_ID) VALUES (1, 3);

INSERT INTO LIGHT (ID, LEVEL, STATUS) VALUES (4, 40,'ON');
INSERT INTO NOISE (ID, LEVEL, STATUS) VALUES (4, 40,'ON');
INSERT INTO ROOM (ID, NAME, LIGHT_ID, NOISE_ID) VALUES (4,'S214', 4, 4);

INSERT INTO LIGHT (ID, LEVEL, STATUS) VALUES (5, 50,'OFF');
INSERT INTO NOISE (ID, LEVEL, STATUS) VALUES (5, 50,'OFF');
INSERT INTO ROOM (ID, NAME, LIGHT_ID, NOISE_ID) VALUES (5,'S215', 5, 5);

INSERT INTO LIGHT (ID, LEVEL, STATUS) VALUES (6, 60,'ON');
INSERT INTO NOISE (ID, LEVEL, STATUS) VALUES (6, 60,'ON');
INSERT INTO ROOM (ID, NAME, LIGHT_ID, NOISE_ID) VALUES (6,'S216', 6, 6);

INSERT INTO BUILDING (ID, NAME) VALUES (2, 'Espace Fauriel');

INSERT INTO BUILDING_ROOMS (BUILDING_ID, ROOMS_ID) VALUES (2, 4);
INSERT INTO BUILDING_ROOMS (BUILDING_ID, ROOMS_ID) VALUES (2, 5);
INSERT INTO BUILDING_ROOMS (BUILDING_ID, ROOMS_ID) VALUES (2, 6);




